,conversation,category
0, Chiffon is a fabric that is a popular choice for Spring and Summer year after year Herve leger dress Chiffon is a sheer fabric that can be woven from silk cotton nylon polyester or rayon Silk chiffon pieces are generally the most expensive because the silk is a natural fibre and possesses a shimmer and smooth texture that is difficult to achieve with man made fabrics Silk is also a desirable choice for chiffon because it is very strong compared to other fibres and this is particularly important when creating such a delicate garment Chiffon makes an ideal fabric for Spring and Summer because it keeps you cool and adds a fresh and airy feel to your outfit herve leger skirt Generally chiffon creates a very smart and feminine garment and therefore makes it the ideal choice for work and evening wear A chiffon blouse teamed with a pair of light slim fit trousers is perfect for a hot day in the office but you could also try a pair of skinny jeans instead for a more smart casual look When choosing a blouse you will need to find a style that works for your shape Herve leger dress sale Chiffon is a flattering fabric because it makes a loose fitting style that can disguise any lumps and bumps Similarly it can be used to create the illusion of curves on a more athletic figure if teamed with a belt or cut that nips in at the waist Those who are smaller on top can get away with a high neckline and those who are a bit curvier will suit a V neck that has a naturally slimming effect Chiffon dresses are perfect for summer evenings and also look incredibly glamorous Herve Leger Strapless Dress The Valentino SS 2012 collection featured numerous chiffon dresses in various styles proving that there is something for everyone The range included floor length and long sleeved gowns in black and white floral prints and maxi halter neck designs with side pockets for a more dressed down and functional look The collection also featured a number of short summer dresses with delicate pastel prints and lace trim Areas of sheer fabric around the neckline and midriff also added a flirty and slightly risky touch to the feminine pieces If there are any parts of your body that you are particularly conscious about showing off then chiffon is the perfect way to cover up in the Summer without looking over dressed The slight sheerness of chiffon means there is still a hint of the figure underneath and this can also look very sexy For those who are a little more daring why not try a dress that incorporates areas of sheer fabric This will draw attention to certain areas of your body without being too revealing and still maintaining a classy look Herve Leger Watercolor Wish Dress ,4
1, Plus size women have plenty of options of attires for prom homecoming or graduation Similarly there are a variety of selections of formal dresses waiting for you to snap them up In order to become the most outstanding you had better use the unique style of your clothing to steal the spotlight to your best features As we all know that a dramatic V neckline will frame your face while the sexy strapless sweetheart neckline will accentuate your charming shoulders and perfect bust line What is the best option for the plus size girls Read on and your will get the answer in the following content herve leger skirt First of all you should know about your body shape As a matter of fact like all females the figure of the plus size women also consists of apple shape pear shape and bust figure There is no doubt that the style of the formal dress will be different according to the different figure It is unnecessary to worry about your selections It is easy to find that many patterns available for the slender girls are now available for the plus sizes Herve leger dress sale The key point is to pick out a fitted and perfect one for your figure For example if you are not confident of your waist and hope to hide it the design with empire waist wont make you disappointed That is because it can draw peoples attention from there to your neck or facial appearance If you are busty girl the pattern with halter neckline will look great on you On the one hand the halter neckline will play an important role in turning attention from your breast On the other hand it can make your bust line more charming Herve Leger Cherry On Top Dress In addition it is worth noting that your attire for the official event should be a lot less matronly Herve leger dress It is advisable to consider the simple yet elegant style for plus sizes It is easy to find that the plus size formal gowns will cost you more compared with others patterns It is a good idea that when you find your ideal design in your local store or the shop online but it is out of your budget you can try a seamstress It is considered as a more affordable way According to your body shape and the basic measurements you will get your desired and favorite gown Here are a few helpful tips I found in searching for formal wear that looked great fit well and was comfortable and didn t break the bank My story is a family affair as well as a formal affair In addition it is full of fun when you are choosing the jewelry to match your clothing Keep the tip in mind that the more accents your attire has the less jewelry you should need to wear Herve Leger dress for sale Simple will be better for the official occasion In general whatever the design and the color of your plus size formal dresses or the accessories you select be sure to be confident in your appearance ,4
2, By May KnightAs a Christian it is your responsibility to grow and to know more about God Many people go through difficult times at some points in life You have to learn how to speak to God even if you are not experiencing any difficulties in life A lot of Christians nowadays forget the importance of constant communication with their creator Christian Louboutin Decollete 868 100mm This is because of the advent of technology which takes away people s attention from God most often Christian books are very vital in helping Christians around the world to praise and meditate on the word of God These kinds of books teach different values about life If you are a true Christian you must have at least one of these books Of course do not forget about the power of your Bible This is the best Christian book you should have right before purchasing any book Red bottom Some people think they do not need a Christian book because they already have the bible Christian Louboutin Alti Pump Spikes 140mm The following are reasons why Christians should have your own Christian books Improve your spirituality sometimes it is not enough to read your bible you have to look for other books that can help you improve your spirituality in this case having Christian books can greatly help Maybe you are thinking how these books can help people to improve people spirituality The Bible is the most comprehensive you must have but sometimes it can be very hard to understand all the scriptures within the bible Many people are having wrong interpretations about the principles in the Bible Christian Louboutin Ankle Boots Brown Toundra Coyote Fur Nappa Leather This leads to wrong teaching of the bible However with the help of different Christian book you can have clear interpretation and application of every inscription within the bible Remember your Bible is still your number one reference when you talk about God Right mind set one of the positive attributes of reading Christian books is their ability to change the mind set of people For instance if you read a book with positive and motivational message you can change the focus of your life If you are feeling down and low then you have to read a Christian book which is very inspiring your mood can quickly change from feeling down to happiness and contentment This is how powerful Christian books are If you are a Christian such books can always help you to have positive outlook in life and this is one of the characteristic of a true Christian If you know God is always at your side there is no reason for you to feel bothered Encouraging if you are experiencing hard time regarding your work or career Christian books can encourage you to go on with your life by the grace of God Sometimes they are giving real life stories of people which may encourage you to do well in your life People just need encouragement to aim and excel in their chosen fields Confidence You can acquire a great deal of confidence when you read powerful Christian books Christian Louboutin sale In all as a Christian it is important to always feed your soul with the word of God by reading your bible and Christian books regularly You will surely have good relation with God and also grow in your faith Everyone tells me that I have great Christian books on my audio books website each day ,4
3, Purchasing bedroom furniture could be a little too much to handle when you re up against countless choices to choose from Even after choosing to pick the greatest piece of furniture the bed you will be up against in essence to think about including what kind of sleep are you wanting with what type and may that use a head board and footboard or even not The good news is that there is absolutely no wrong or right reply to these inquiries when you re shopping for these people Attempting to determine which kind of furnishings to get is dependent upon personalized choice as well as the size from the room lower price furniture can cheaply provide you with everything required and don t forget inexpensive implies you simply did not have to spend a good deal Bedroom furniture sets are an excellent and low cost strategy to furnish the bedroom with a fraction in the cost it could when purchasing every piece separately Bedroom furniture sets typically consist of the bed any cabinet and a minimum of one particular nightstand nevertheless frequently a couple of nightstands with regards to the producer As well as a fundamental bedroom furniture collection e tailers Per suppliers Per manufacturers will give you additional standard items of bedroom similar to nightstands dressers showcases or perhaps wardrobe armoires within a new bundle or even for sale when the fundamental household furniture arranged can be bought A regular bed is made up of bedding purchasing some type of groundwork just like a field spring which supported by a set square frame When buying bedroom furniture sets remember that the common your bed as well as bed mattress styles are double total full king and Florida king Go with a sleep that will proportionately load the bedroom the one which appear too modest as well as too big to the place themselves and also the various other furnishings within the room Well liked types of bedrooms range from the sleigh bed the particular poster your bed the actual cover bed the platform your bed along with the panel your bed That will keep clothing an average chest of drawers includes 2 columns regarding a few storage Any cabinet might additionally will include a row associated with smaller sized compartments higher than the common sized compartments designed especially to hold a lot more fine items like jewellery or nighties When choosing home furniture to get a tiny bedroom think about investing in a chest of drawers instead of a chest of drawers While any chest of drawers typically holders in midsection height a new dresser will be older and also smaller providing you the equivalent space for storing of your bureau without taking as much space While searching for inexpensive home furniture nightstands can easily be bought Nightstands increase safe keeping enabling you to manage things along with uncluttered them away Also they are designed to remain at a proportional elevation degree while using bed A nightstand is usually utilized to maintain items like lights guides clocks along with other required objects in easy reach bedroom furniture sets ,5
4, Potentially you have finally chosen to use the services provided by a particular managed servers company you have selected By having this in thoughts you certainly have made a very good decision Possibly you have read a load from scrutinizes and have recognized exactly how the managed hosting answers can easily aid you and your business Performing by having a reliable company that may help you establish the existence of your internet website on the Internet is one critical item that you ought to complete The web existence will definitely be qualified to help expand your business and increase more promptly for whatever target audience you want to go for global regional or nationwide Thorough assessment and understanding your requirements are two important items to be done when selecting a managed hosting company Right here are some things you get to consider when picking one of the different managed dedicated servers out there Are you seeking for an host on the Web server for a single website that desires to be supported by having managed hosting Will you like to go for managed servers Will you want to pursue these managed dedicated servers Are you going to benefit many from the full service supplied by the managed hosting company The awesome perk that you can acquire from the managed hosting company is the present of time Instead of choosing a professional team of IT professionals offering salaries and training them you can easily just avail of the services offered by a certain cluster of experts that may handle managed dedicated servers The moment that you can conserve on managing your website can easily be used on appealing the customers or delivery of commodities and other undertakings For you to ingest complete advantage of the managed hosting services you really should be certain that they can offered 24 7 client care Truly 24 7 customer assistance is very vital for every company Many website owners are deciding on managed hosting for diverse reasons as there are plenty of benefits that pertain with this possibility That s why countless are attracted to this kind of hosting A couple of companies are providing managed hosting and usually the costs vary one the choices and features provided by way of the company Apart from the gift of moment the fee of such service is additionally one of the best benefits The managed dedicated servers provide desired services and data transfer with a more inexpensive charge Also the bandwidth accessibility is distributed evenly to dozens of customers desiring a little level of transmission capacity to make their websites function The extra elements supplied on managed servers are the issues that make them enticing to diverse consumers The managed dedicated servers may benefit from improved protection and monitoring services which will prevent diverse problems and complications like spread of computer viruses and unauthorized access that might lead to the stealing of the personal information of clients Also the managed hosting companies furnish a protective software and device to keep the website overseed at all times and steer clear of massive complications from consuming spot They additionally provide consistent potency supply and file backup components so that the website can easily operate without problems and without any intrusion url Locating out exactly how Managed Dedicated Servers Work url Locating out exactly how Managed Dedicated Servers Work Locating out exactly how Managed Dedicated Servers Work ,2
5, it pretty amazing how much of difference http billyblanksbootcamp net billy blanks boot camp url What we have noticed more and more is just doing a basic search does not always generate the most suitable information However this is something that everyone can occasionally experience so your predicament is not unique So we decided to put some solid and reliable facts together for you about url billy blanks boot camp Then you will understand more about it so you can make an intelligent decision and move forward with confidence If you take a good look around you may discover quite a bit written on url billy blanks boot camp Alcohol is something that affects many people s lives and some folks that are addicted to alcohol do not want to admit it Research reveal that over 22 000 000 Americans suffer from some sort of alcohol abuse Even when men and women understand that they have a problem with alcohol they are going to not admit it because they do not want to be labeled for the remainder of their life as an alcoholic The How To Give Up Alcohol Program is exactly what we re going to be speaking about in the following paragraphs This could wind up being one of the greatest programs for individuals with alcohol issues to wind up quitting in the privacy of their own house People that abuse alcohol end up having more health issues than folks who don t drink The excessive drinking of alcohol can lead to liver harm and can also end up killing off brain cells Needless to say alcohol does not only affect your health as it can in addition affect every aspect in your entire life Many people have also lost their jobs due to their addiction of alcohol You ll also realize that the person who developed this program also had his own battle with alcohol and his name was Rahul Nag Rahul furthermore tells you on is home page of his internet site that he didn t want to start going to AA as being labeled an alcoholic was a thing he was not willing to do At this stage Rahul began researching just how he could overcome his addiction Some of the things he realized were useful and others were useless but in time he found information from five different experts along with trial and error that was able to help him break this addiction Rahul discovered that he discovered the answer to not only help him quit drinking but in addition to eliminate the urges to drink as well And he learned how to do this while not having to resort to outside influences for instance having to join any sort of meetings Something else that people like concerning this program is that it can be achieved in the privacy of your own home without anyone knowing about it Rahul determined that this system could help many people and so he chose to offer it to anyone who wanted it He took all of the information he discovered and placed it into the How To Give Up Alcohol program The sale price on this program is 127 which is in reality a great deal when you recognize what it can do for you and you will also find you get instant access the entire program Which means you can start using this program once you buy it without needing to wait to have this shipped to you So you can see that href http ethermalbinoculars com gt http ethermalbinoculars com is a subject that you have to be mindful when you are finding out about it However one really important distinction here directly relates to your own goals There are probably more than a few specifics you have to pay close attention to on your side You understand that you are ultimately the one who knows which will have the greatest impact But let s keep going due to the fact we have some exceptional tips for you to give considerable attention The 60 day cash back guarantee is another thing that a lot of folks like about this program simply because they re not risking anything when they purchase it You additionally won t have to supply a lengthy explanation on why you want a refund as this is a true no questions asked refund policy There is a huge amount to know about dog diapers and that is why we have saved some very juicy details for you The range of readily available information is staggering and what I have found is most people simply get lost It is through no fault of your own but if you have not read a lot about it then you do need to be careful Additional links url For Those Of You That Have An Addiction To Alcohol The How To Give Up Alcohol Program May Enable You To Quit url For Those Of You Who Have An Addiction To Alcohol The How To Give Up Alcohol Program May Enable You To Quit The How To Give Up Alcohol Program May Be Precisely What You Been Looking For ,4
6, A board lasted footwear has upper leather or canvas that is sewn to a cardboard such as material It provides more support and control to help players with flat feet Some shoes are made by combining both the methods A shoe like this can be a slip lasted in entry and board lasted in the trunk They provide very good heel control and remain quite flexible too They are good for several foot types Jogging sneakers Running shoes are made to provide more cushioning impact shock absorption and heel control to your runners and joggers They are made to prevent shin splints tendinitis back pain stress fractures and also other overuse syndromes You may could purchase a more understated pair to wear to more subtle instances The decisions you ll need to make are not just tied to colour options Nike trainers and Nike footwear are available in traditional leather suede synthetic and textile or various combinations advisors The textile can in the same way be plain or patterned including checks or stripes The more lightweight materials and designs are well suited for the warmer months Your design of the shoe exists in both small cut and high covers with both having their own advantages Obviously the high tops offer more support to your ankle area and are generally excellent in sports that have a higher risk of ankle injuries due to rolling The low cut versions are more suited to activities that want more freedom of movement of the ankle Specialised designs such as studs for better ground traction are also obtainable from the Nike Company There appears to be a divide of opinion when it comes to trainer design There may be the high top versus low cut debate the sheet versus leather argument the air versus non air technological know how dispute and while there are others there is that Velcro versus shoelace obstacle Once again both aspects are catered for as Nike shoes are in existence in both formats Nike shoe incorporating Nike shoes and Nike trainers are generally or will be a part of most people s wardrobes in the past and future With your continued commitment towards convenience design and technology they most certainly can maintain their position as one of the worlds most loved shoe Companies Zumba is the hottest craze right now if you are looking for a fun way to get fit in This dance fitness aerobic class can have you burning calories and losing weight very fast what s great is that it is FUN We have written this article to look at the Nike Zumba Shoes which you could wear in this type Find out which models are really the best When doing Zumba it is very important that you have the proper shoes You need athletic sneakers that will be able to give your feet the right support while at the same time being lightweight and comfortable Nike makes a wide selection of athletic shoes plus they have specific ones that are created for dance fitness aerobic dance and cardio dance activities Nike Musique History of Shoes Zoom Kobe V 5 Shoes Cheap Nike Shoes Discount Nike Store Online The Nike Musique is a good pair for shoes for individuals that are interested in Zumba Cheap Nike Shoes Discount Nike Store Online Zoom Kobe V 5 Shoes Nike Zumba Sneakers ,5
7, drainage solutions There is far better awareness of water drainage these days since of the harm and cost brought on by flash floods alongside with queries asked of the Governments Environment s Department administration relating to surface area drinking water run off Sustainable drainage is the apply of controlling surface area drinking water runoff as close to its origin as feasible ahead of it is discharged into a watercourse or sewer bull Slows down surface area drinking water run off from a building site to help decrease the possibilities of flooding bull Minimizes the chance of sewer flooding throughout hefty rain bull Recharges groundwater to help avoid drought bull Supplies important habitats for wildlife in built up regions bull Produces green areas for people in urban areas How SUDS are accomplished bull There are far more suppliers developing building products to meet the new rules for permeable surfaces these as Hanson Formpave Aquapave Permeable Block and swales shallow drainage channels from Aco Systems bull Green roofs by natural means soak up rainwater can improve water top quality and minimize the peak flow discharged from a roof In addition they can increase insulation supply a wildlife habitat and enhance the lifespan of the roof bull Rainwater reuse or harvesting requires the assortment and storage of rainwater on web site and its use as a substitute for mains h2o for case in point in watering gardens or for flushing toilets bull The use of goal developed ponds and wetland give an location to management the h2o run off and for aquatic animals to thrive Most significant creating projects will commonly have goal built ponds Drinking water is a beneficial useful resource and with the changing weather Governments and populations are far more mindful about conservation of h2o and managing the excesses when they happen More businesses and householders are looking to adopt some type of rain water harvesting so h2o can be utilised several moments about There are several more storms hitting diverse components of the country and planers now have to display that they have permitted for outstanding weather conditions They have to demonstrate that the SUDS they set up are fit for objective and hyperlink into the regional drainage functionality The Environment Agency confirms the SUDS approach to drainage incorporates a wide assortment of methods As a consequence there is no one correct drainage solution for a site In most cases a mix of methods is essential we suggest you investigation the world wide web for a comprehension of these techniques and if appropriate examine SUDS with your creating contractor how this suits in with sustainable building There are a number of aspects that need to have to be regarded as when constructing a playground This means that you have to seem into every thing that s needed such as diverse perform areas for distinct age teams the fencing and also a proper drainage method The drainage system is a single of the most critical elements of a playground as without a proper drainage technique the region would just turn out to be a spot for standing water soaked wooden chips and also many mud holes This can make items even even worse afterwards on and you might have to devote a whole lot of income again for routine maintenance of the ground ,4
8, drainage solutions There is significantly greater consciousness of h2o drainage these days due to the fact of the injury and price triggered by flash floods together with concerns asked of the Governments Environment s Division administration with regards to surface water operate off Sustainable drainage is the practice of managing surface water runoff as near to its origin as doable before it is discharged into a watercourse or sewer Benefits of Sustainable Drainage Techniques SUDS bull Prevents diffuse water pollution from constructed up locations bull Offers valuable habitats for wildlife in developed up areas bull Generates green spaces for folks in city places How SUDS are reached bull There are more suppliers creating constructing items to meet the new laws for permeable surfaces such as Hanson Formpave Aquapave Permeable Block and swales shallow drainage channels from Aco Technologies bull Green roofs normally take in rainwater can enhance h2o good quality and reduce the peak circulation discharged from a roof In addition they can improve insulation provide a wildlife habitat and improve the lifespan of the roof bull Rainwater reuse or harvesting entails the collection and storage of rainwater on site and its use as a substitute for mains water for instance in watering gardens or for flushing bathrooms bull The use of purpose built ponds and wetland supply an region to manage the water operate off and for aquatic animals to thrive Most main developing jobs will usually have purpose developed ponds H2o is a useful useful resource and with the modifying local weather Governments and populations are much more aware about conservation of water and managing the excesses when they take place Far more companies and householders are seeking to adopt some form of rain h2o harvesting so water can be utilized many occasions more than There are many a lot more storms hitting distinct areas of the region and planers now have to demonstrate that they have authorized for extraordinary weather They have to display that the SUDS they install are in shape for function and link into the neighborhood drainage capability The Setting Agency confirms the SUDS strategy to drainage incorporates a vast variety of strategies As a result there is no one particular appropriate drainage remedy for a web site In most circumstances a mixture of strategies is needed we advise you study the internet for a knowing of these methods and if proper go over SUDS with your developing contractor how this matches in with sustainable construction There are numerous factors that want to be regarded when constructing a playground This implies that you have to search into almost everything that s necessary these kinds of as various play places for different age groups the fencing and also a appropriate drainage program The drainage method is 1 of the most essential facets of a playground as without having a appropriate drainage method the place would just turn into a location for standing drinking water soaked wood chips and also a number of mud holes This can make things even worse later on on and you may well have to spend a lot of cash once again for upkeep of the ground If not that then the play time will have to be delayed so that the drinking water is allowed to dry up which can ultimately finish up in unhappy young children The resolution to the dilemma is to set up a good drainage method which can simply drain off the drinking water from the playground ,4
9, Root canal surgery is 1 of the most carried out functions in the planet nowadays with an estimated 20 million folks in the US by yourself undergoing the process each and every calendar year In this report we illustrate the therapy and how the process is carried out A root canal therapy is basically a process that is used to repair and conserve a tooth which has knowledgeable severe infection or decay Our tooth basically subdivided into two components Crown and root The former consists of enamel gum and dentin while the latter is made up of the pulp chamber and root canal which itself is composed of the pulp tissue bone the supporting ligament root conclude openings and so forth If the tooth experiences extreme decay or cracks the pulp tissue in the root canal will get inflamed or infected which can then affect the blood provide to the pulp A particular person might not really feel the pain in the initial phases but if left untreated the infection spreads by way of the canal system which can then consequence in abscess formation This abscess could result in moment to serious ache and the individual with this ailment might also experience ache on the specific tooth even though biting meals or obtaining far too very hot or too cold drinks These are distinct giveaway symptoms of the tooth obtaining grow tender and in some instances it becomes discoloured which is obvious indication of the tooth nerve getting lifeless The root canal treatment process is basically a dental method employed to appropriate this difficulty In this method the pulp chamber of the tooth is eliminated with the walls of the canals then becoming modified and enlarged Soon after getting made the canals sleek and sharp medicines are then injected into the cavity to destroy the bacteria The tooth is then stuffed with filler substance and as a result sealed to prevent any even more contamination The method generally normally requires among three to six periods but this also differs dependent on the physician and on the extent of tooth damage As a portion of the root canal pain therapy a neighborhood anesthetic is initial provided due to which the individual barely feels any ache in the course of the process Medication far too are provided in the course of the first few days of treatment so that the tooth stays delicate and the individual also is advised to not chew on hard meals in the course of this time period The treatment is an completely protected procedure with an very substantial success price of previously mentioned ninety The surgically taken care of tooth is acknowledged to previous a life time even though it is suggested that one particular just take an X Ray 6 months adhering to the treatment to see to it that the infection has fully healed Check Out This Article http rootcanalpainrelief com ,1
10, After you read the guide you should have a fairly good idea of what sort of adjustments to create what size aperture to work with for what sort of pics the exposure time the mode you ll want to use the basic principles With electronic cameras you can do a great deal of items incredibly very easily undergo to realize know how about it http photofuel net Tutorials tutorials selection html photography tutorial url Secondly whenever you shooting outdoor numerous of rookies have trouble with sunlight direction which actually impact for the high quality of photograph You have to be certain that you won t shooting straight together with the sunlight which can produce the darkish shade about the photograph You are able to see that there s sensible appeal in finding out extra about photography Could you feel of ways to use what s been covered up to now One more note I d prefer to include about the battery matter isn t depart your digital camera lying for very long durations together with the battery even now in it If its not in use for lengthy periods then clear away the battery Really don t take the potential risk of damage How would you know if a electronic photography tutorial fits your needs The very fact is always that every single process of learning has its benefits and downsides Should you will not select up concepts perfectly by studying you will not choose to choose up an instructional guidebook It just wouldn t benefit you in the least A lot of people also don t have time for you to go to a live photography class A web based tutorial will be the perfect technique to understand for folks who discover as a result of visual and auditory instruction These an online class is usually taken within the ease and comfort within your personal property and can be taken all around anyone s occupied routine You are able to advance in the training course as rapidly or bit by bit as you have to In addition it truly is generally superior to discover visual demonstrations of your suggestions and strategies currently being learned which means you can mimic these concepts with the possess digital camera and fundamentally learn by doing In today s current era we could barely see black and white images for the reason that the majority of the photographers and the viewers are actually appreciating colored images extra In reality a lot of the cameras currently are applied for capturing colored photos But as a result of the advent of technological know how today we are able to essentially convert coloured photos into black and white photos and still keep its excellent Among the list of photo recommendations in converting coloured images into black and white would be to engage in digital photography By doing this it could be very convenient to improve the spectacular aspects with the picture by electronic conversion and editing In case you are utilizing a DSLR digital camera then it can be sensible to set the digital camera options for monochrome shooting and help save the photograph in JPEG format For relevant information http www amazon com Creative Lighting Digital Photography Techniques dp 0470878231 ref sr_1_2 ie UTF8 qid 1319264410 sr 8 2 photography tips url ,5
11, Rather sweet Time Warner will take a unique method While Comcast throws stats out at you Time Warner in fact displays you how quickly their service is I have images of this up at my blog don t overlook the hyperlink is beneath And do not neglect you can locate out how to save a couple hundred bucks there too Here s how Road Runner Large Speed On line shakes out It s a bit slower than Comcast at a stated 5 Mbps But in the actual globe what distinction does that make You are nonetheless going to be downloading huge files in seconds And against a standard dial up connection the comparison is downright stupid A standard webpage with graphics will take all around 21 seconds on a dial up connection even though it requires significantly less than a 2nd with Time Warner And with movies for instance it is even crazier a typical video clip will consider seven minutes to download with a 56k modem and only seven SECONDS with Time Warner That really put it in point of view for me So there you have it DigitalTVDojo s review and speed check comparison of Road Runner Higher Speed On the net and Comcast Cable World wide web I hope it assists you make a choice No doubt that above a program of several many years many people have changed television service companies cable to satellite and back to cable once again Comcast Internet Service with its early beginnings in 1963 is now the primary leader in cable technologies and television solutions in the planet Continuing exploration and development of digital engineering allow Comcast to offer top edge programming and more possibilities by means of tv telecommunications or net companies Their major interest is in permitting men and women to remain connected with family members close friends and small business associates Cable tv modified home entertainment for the far better years ago and was starting to see the migration of a lot of buyers to satellite tv providers Advances in technological innovation have permitted cable Tv to compete technologically and now there are no services made available by satellite suppliers that are not also made available by cable You can get the fastest online connections the clearest telephone connections and the greatest digital tv solutions on the market place nowadays There is quite little big difference if any in the expenses for tv internet and telephone solutions delivered by means of cable vs satellite but there is a large difference in the quality of solutions Comcast supplies great consumer service in addition to the fastest web connection charges the best number of television channels and clarity of telephonic communications all at one particular great reduced month to month fee Service bundling is the latest trend in the United States and this is great for the budget minded consumer who desires to write a single test per month for all typical solutions The good quality and delivery of tv programming has enhanced drastically with digital delivery Imagery is excellent with accompanying CD excellent sound and Comcast provides far more than 275 channels of well known programming in incremental packages Comcast Internet offers you all that and additional creating it 1 of the leaders in currently 146s broadband Online marketplace Time Warner Road Runner vs Comcast Cable Internet Which is Ideal Comcast Virgina ,2
12, AT T is supplying Uverse and Verizon is supplying FiOS in a growing number of locations According to a variety of awards they have received it is incredibly great excellent The good news for the client is the marketplace is modifying to a consumer oriented area alternatively of the corporation oriented area That suggests the buyer can vote with their feet A very good buyer reputation is important That is constructed out of displaying respect for the purchaser Comcast alternatively gives with one particular hand and requires away with the other They retain ripping open the consumers wound and don t give it a chance to heal That s wherever this new brand comes into play Comcast hopes XFINITY will breath new lifestyle into their market worn title Expect to see them pouring lots of money into advertising the hard work Nonetheless I don t feel it will operate not yet Right up until they realize they have to repair the complications initial then re brand I don t think this new title will function Clients will comprehend quickly that the title is diverse but the difficulties are the similar The worth of the new brand will be lost I have met with Comcast executives and like them They seem like great folks The dilemma is they really don t connect the dots and know that what they do with their organization in purchase to grow also impacts millions of other folks their prospects They have not explained why they are forcing the buyer to deal with these difficulties Why they need to upgrade the network They do not give the consumer the respect they demand Comcast ought to comprehend they want to involve the customer not dictate to them In particular when competition is constructing and their chance is increased than ever Guidance fix the issues then alter the brand Describe why this is important And demonstrate respect for the client base You ll have a lot far more success with the work Today s pay out tv market is dominated by two large players DIRECTV and Comcast With additional than 40 million subscribers combined it is rather very likely that you have access to service from one particular of these businesses But what if you live in an area served by Comcast and also have entry to satellite Tv solutions from DIRECTV Let s compare the two and see what they have to supply Comcast of program employs coaxial cable to reach the purchaser in the places they serve Even though cable companies in the past had been somewhat unreliable the final mile network to every single household is really quite reputable right now On the other hand satellite service utilized a dish mounted on the side of your residence which can go out of service for the duration of solid storms Cable companies like Comcast have also manufactured massive investments in their infrastructure in purchase to give video on demand This is accomplished by holding massive amounts of content material on centralized servers just waiting for the client to access programming at any given time Direct Tv is at a disadvantage right here as their video on demand platform relies on the buyer As a corporation they continue to search to the future for new opportunities and ventures to give their prospects Why Comcast is Re Branding With XFINITY Comcast Virgina ,2
13, We all remember opening Christmas presents eating scrumptious Christmas pastries singing carols and naturally waking up every morning all anxious and excited to determine what Santa has secretly left behind in our Christmas Stockings I feel all of us at some point of our lives all had our extremely personal stocking it might happen to be a stocking shaped bag a decorative Christmas stocking and maybe even a actual sock what matters most is the fact that all of us had our own cherished stocking that we hang up on Christmas Eve Nowadays personalised Christmas stockings have grow to be the new fad it gives a particular flair and uniqueness to each and every stocking reminding the giver whom the stocking belongs to In some cultures the presents had been left underneath the Christmas Tree even though others believed that Santa Claus or depending exactly where you might be from Father Christmas would leave behind his gifts around the stockings hanged above the fireplace but nowadays it truly is fairly widespread for families to complete the two Even though it truly is fairly typical for candies coins along with other goodies be placed within the stockings and for bigger gifts to become placed underneath the Christmas tree you can find a lot of those who nowadays wish to be a bit naughty and make sure that their Christmas stockings will also be huge enough to include larger presents as well Some in fact go way past large in 2007 the Children s Society supporters broke the Guinness World Records and produced the largest personalised Christmas stockings containing a thousand gifts for the kids The old Christmas stockings practice really had a certain situation hanging a stocking meant that in the event you ever wished to have a good present on Christmas morning you had to become great the whole year round otherwise a lump of coal from the fireplace and a boat load of disappointment could be waiting for you inside it Though I doubt that nobody could be suggest sufficient to place in coals for their youngsters the tradition of hanging socks around the fireplace began in the legend with the 3 lovely maidens In the legend the three beautiful but poor maidens have been visited by Santa Clause one night and considering that he did not know where to place his presents he made the decision to drop the bags of coins he brought around the stockings which had been hanged by the maidens around the fireplace for drying Possessing your extremely own personalised Christmas stockings to hang indicates a good deal it will always be your particular stocking and it may be over just a stocking it could also be a wellspring of fond memories that could certainly bring back happy moments in thoughts It s often a terrific method to construct up around the excitement as the Christmas Holiday approaches by providing your kid his or her really own Christmas stocking retelling them the heartwarming story and helping them hang their stockings around the fireplace whilst reminding them to become great small girls and boys Personalised Christmas stockings can can be found in a number of types colours and styles and also you can constantly select one particular that best represents every single member from the family personalised christmas stockings christmas stockings ,3
